﻿<?xml version="1.0" encoding="utf-8" ?>
<log4net>
  <appender name="info-log" type="log4net.Appender.RollingFileAppender">
    <file value="config/logcid.dat" />
    <threshold value="ALL" />
    <appendToFile value="true" />
    <rollingStyle value="Size" />
	<maxSizeRollBackups value="0" />
	<staticLogFileName value="true" />
    <filter type="log4net.Filter.LevelRangeFilter">
      <acceptOnMatch value="true" />
      <levelMin value="INFO" />
      <levelMax value="INFO" />
    </filter>
    <layout type="log4net.Layout.PatternLayout">
      <conversionPattern value="%date | %-5level | %message %newline" />
    </layout>
  </appender>

  <appender name="error-log" type="log4net.Appender.RollingFileAppender">
    <file value="config/logerror.log" />
    <threshold value="ALL" />
    <appendToFile value="true" />
    <rollingStyle value="Size" />
	<maxSizeRollBackups value="0" />
	<staticLogFileName value="true" />
    <filter type="log4net.Filter.LevelRangeFilter">
      <acceptOnMatch value="true" />
      <levelMin value="WARN" />
      <levelMax value="FATAL" />
    </filter>
    <layout type="log4net.Layout.PatternLayout">
      <conversionPattern value="%date | %-5level | %message %newline" />
    </layout>
  </appender>

  <root>
    <level value="ALL" />
    <appender-ref ref="info-log" />
    <appender-ref ref="error-log" />
  </root>
</log4net>
